metodo,gravidade,sinalizadas,anomalas,normais,precisao
zscore,leve,40,15,25,0.3750
zscore,moderada,15,9,6,0.6000
zscore,alta,17,16,1,0.9412
zscore,critica,3,3,0,1.0000
iqr,leve,122,1,121,0.0082
iqr,moderada,76,34,42,0.4474
iqr,alta,33,28,5,0.8485
iqr,critica,13,13,0,1.0000
contextual,leve,0,0,0,
contextual,moderada,0,0,0,
contextual,alta,30,30,0,1.0000
contextual,critica,0,0,0,
isolation_forest,leve,131,105,26,0.8015
isolation_forest,moderada,73,58,15,0.7945
isolation_forest,alta,33,19,14,0.5758
isolation_forest,critica,13,7,6,0.5385
rejeicao_automatica,critica,25,19,6,0.7600
rejeicao_automatica_no_lancamento,critica,19,19,0,1.0000
