avaliacao,nome,tipo_anomalia,linhas,sinalizadas,taxa
metodo,zscore,combinacao_incompativel,30,7,0.2333
metodo,zscore,duplicada,30,0,0.0000
metodo,zscore,fim_semana_feriado,30,0,0.0000
metodo,zscore,fracionamento,96,8,0.0833
metodo,zscore,valor_extremo,30,28,0.9333
metodo,zscore,normal,4784,32,0.0067
metodo,iqr,combinacao_incompativel,30,7,0.2333
metodo,iqr,duplicada,30,2,0.0667
metodo,iqr,fim_semana_feriado,30,0,0.0000
metodo,iqr,fracionamento,96,37,0.3854
metodo,iqr,valor_extremo,30,30,1.0000
metodo,iqr,normal,4784,168,0.0351
metodo,contextual,combinacao_incompativel,30,30,1.0000
metodo,contextual,duplicada,30,0,0.0000
metodo,contextual,fim_semana_feriado,30,0,0.0000
metodo,contextual,fracionamento,96,0,0.0000
metodo,contextual,valor_extremo,30,0,0.0000
metodo,contextual,normal,4784,0,0.0000
metodo,isolation_forest,combinacao_incompativel,30,10,0.3333
metodo,isolation_forest,duplicada,30,30,1.0000
metodo,isolation_forest,fim_semana_feriado,30,30,1.0000
metodo,isolation_forest,fracionamento,96,93,0.9688
metodo,isolation_forest,valor_extremo,30,26,0.8667
metodo,isolation_forest,normal,4784,61,0.0128
uniao,zscore+iqr,combinacao_incompativel,30,7,0.2333
uniao,zscore+iqr,duplicada,30,2,0.0667
uniao,zscore+iqr,fim_semana_feriado,30,0,0.0000
uniao,zscore+iqr,fracionamento,96,37,0.3854
uniao,zscore+iqr,valor_extremo,30,30,1.0000
uniao,zscore+iqr,normal,4784,168,0.0351
uniao,zscore+contextual,combinacao_incompativel,30,30,1.0000
uniao,zscore+contextual,duplicada,30,0,0.0000
uniao,zscore+contextual,fim_semana_feriado,30,0,0.0000
uniao,zscore+contextual,fracionamento,96,8,0.0833
uniao,zscore+contextual,valor_extremo,30,28,0.9333
uniao,zscore+contextual,normal,4784,32,0.0067
uniao,zscore+isolation_forest,combinacao_incompativel,30,11,0.3667
uniao,zscore+isolation_forest,duplicada,30,30,1.0000
uniao,zscore+isolation_forest,fim_semana_feriado,30,30,1.0000
uniao,zscore+isolation_forest,fracionamento,96,93,0.9688
uniao,zscore+isolation_forest,valor_extremo,30,28,0.9333
uniao,zscore+isolation_forest,normal,4784,84,0.0176
uniao,iqr+contextual,combinacao_incompativel,30,30,1.0000
uniao,iqr+contextual,duplicada,30,2,0.0667
uniao,iqr+contextual,fim_semana_feriado,30,0,0.0000
uniao,iqr+contextual,fracionamento,96,37,0.3854
uniao,iqr+contextual,valor_extremo,30,30,1.0000
uniao,iqr+contextual,normal,4784,168,0.0351
uniao,iqr+isolation_forest,combinacao_incompativel,30,11,0.3667
uniao,iqr+isolation_forest,duplicada,30,30,1.0000
uniao,iqr+isolation_forest,fim_semana_feriado,30,30,1.0000
uniao,iqr+isolation_forest,fracionamento,96,93,0.9688
uniao,iqr+isolation_forest,valor_extremo,30,30,1.0000
uniao,iqr+isolation_forest,normal,4784,218,0.0456
uniao,contextual+isolation_forest,combinacao_incompativel,30,30,1.0000
uniao,contextual+isolation_forest,duplicada,30,30,1.0000
uniao,contextual+isolation_forest,fim_semana_feriado,30,30,1.0000
uniao,contextual+isolation_forest,fracionamento,96,93,0.9688
uniao,contextual+isolation_forest,valor_extremo,30,26,0.8667
uniao,contextual+isolation_forest,normal,4784,61,0.0128
uniao,zscore+iqr+contextual,combinacao_incompativel,30,30,1.0000
uniao,zscore+iqr+contextual,duplicada,30,2,0.0667
uniao,zscore+iqr+contextual,fim_semana_feriado,30,0,0.0000
uniao,zscore+iqr+contextual,fracionamento,96,37,0.3854
uniao,zscore+iqr+contextual,valor_extremo,30,30,1.0000
uniao,zscore+iqr+contextual,normal,4784,168,0.0351
uniao,zscore+iqr+isolation_forest,combinacao_incompativel,30,11,0.3667
uniao,zscore+iqr+isolation_forest,duplicada,30,30,1.0000
uniao,zscore+iqr+isolation_forest,fim_semana_feriado,30,30,1.0000
uniao,zscore+iqr+isolation_forest,fracionamento,96,93,0.9688
uniao,zscore+iqr+isolation_forest,valor_extremo,30,30,1.0000
uniao,zscore+iqr+isolation_forest,normal,4784,218,0.0456
uniao,zscore+contextual+isolation_forest,combinacao_incompativel,30,30,1.0000
uniao,zscore+contextual+isolation_forest,duplicada,30,30,1.0000
uniao,zscore+contextual+isolation_forest,fim_semana_feriado,30,30,1.0000
uniao,zscore+contextual+isolation_forest,fracionamento,96,93,0.9688
uniao,zscore+contextual+isolation_forest,valor_extremo,30,28,0.9333
uniao,zscore+contextual+isolation_forest,normal,4784,84,0.0176
uniao,iqr+contextual+isolation_forest,combinacao_incompativel,30,30,1.0000
uniao,iqr+contextual+isolation_forest,duplicada,30,30,1.0000
uniao,iqr+contextual+isolation_forest,fim_semana_feriado,30,30,1.0000
uniao,iqr+contextual+isolation_forest,fracionamento,96,93,0.9688
uniao,iqr+contextual+isolation_forest,valor_extremo,30,30,1.0000
uniao,iqr+contextual+isolation_forest,normal,4784,218,0.0456
uniao,zscore+iqr+contextual+isolation_forest,combinacao_incompativel,30,30,1.0000
uniao,zscore+iqr+contextual+isolation_forest,duplicada,30,30,1.0000
uniao,zscore+iqr+contextual+isolation_forest,fim_semana_feriado,30,30,1.0000
uniao,zscore+iqr+contextual+isolation_forest,fracionamento,96,93,0.9688
uniao,zscore+iqr+contextual+isolation_forest,valor_extremo,30,30,1.0000
uniao,zscore+iqr+contextual+isolation_forest,normal,4784,218,0.0456
votacao,>=2 de zscore+iqr+contextual+isolation_forest,combinacao_incompativel,30,11,0.3667
votacao,>=2 de zscore+iqr+contextual+isolation_forest,duplicada,30,2,0.0667
votacao,>=2 de zscore+iqr+contextual+isolation_forest,fim_semana_feriado,30,0,0.0000
votacao,>=2 de zscore+iqr+contextual+isolation_forest,fracionamento,96,37,0.3854
votacao,>=2 de zscore+iqr+contextual+isolation_forest,valor_extremo,30,28,0.9333
votacao,>=2 de zscore+iqr+contextual+isolation_forest,normal,4784,34,0.0071
