avaliacao,nome,metodos,vp,fp,fn,vn,precisao,recall,f1,taxa_fp,sinalizadas,seed_base,parametros
metodo,zscore,zscore,70,18,142,4770,0.7955,0.3302,0.4667,0.0038,88,7,"{""zscore"": {""limiar"": 3.0}}"
metodo,iqr,iqr,82,158,130,4630,0.3417,0.3868,0.3628,0.0330,240,7,"{""iqr"": {""fator"": 1.5}}"
metodo,contextual,contextual,30,0,182,4788,1.0000,0.1415,0.2479,0.0000,30,7,"{""contextual"": {""frequencia_minima"": 0.01}}"
metodo,isolation_forest,isolation_forest,176,74,36,4714,0.7040,0.8302,0.7619,0.0155,250,7,"{""isolation_forest"": {""contamination"": 0.05, ""limite_aprovacao"": 1000.0, ""random_state"": 42}}"
uniao,zscore+iqr,zscore+iqr,82,158,130,4630,0.3417,0.3868,0.3628,0.0330,240,7,"{""iqr"": {""fator"": 1.5}, ""zscore"": {""limiar"": 3.0}}"
uniao,zscore+contextual,zscore+contextual,100,18,112,4770,0.8475,0.4717,0.6061,0.0038,118,7,"{""contextual"": {""frequencia_minima"": 0.01}, ""zscore"": {""limiar"": 3.0}}"
uniao,zscore+isolation_forest,zscore+isolation_forest,179,83,33,4705,0.6832,0.8443,0.7553,0.0173,262,7,"{""isolation_forest"": {""contamination"": 0.05, ""limite_aprovacao"": 1000.0, ""random_state"": 42}, ""zscore"": {""limiar"": 3.0}}"
uniao,iqr+contextual,iqr+contextual,112,158,100,4630,0.4148,0.5283,0.4647,0.0330,270,7,"{""contextual"": {""frequencia_minima"": 0.01}, ""iqr"": {""fator"": 1.5}}"
uniao,iqr+isolation_forest,iqr+isolation_forest,180,220,32,4568,0.4500,0.8491,0.5882,0.0459,400,7,"{""iqr"": {""fator"": 1.5}, ""isolation_forest"": {""contamination"": 0.05, ""limite_aprovacao"": 1000.0, ""random_state"": 42}}"
uniao,contextual+isolation_forest,contextual+isolation_forest,206,74,6,4714,0.7357,0.9717,0.8374,0.0155,280,7,"{""contextual"": {""frequencia_minima"": 0.01}, ""isolation_forest"": {""contamination"": 0.05, ""limite_aprovacao"": 1000.0, ""random_state"": 42}}"
uniao,zscore+iqr+contextual,zscore+iqr+contextual,112,158,100,4630,0.4148,0.5283,0.4647,0.0330,270,7,"{""contextual"": {""frequencia_minima"": 0.01}, ""iqr"": {""fator"": 1.5}, ""zscore"": {""limiar"": 3.0}}"
uniao,zscore+iqr+isolation_forest,zscore+iqr+isolation_forest,180,220,32,4568,0.4500,0.8491,0.5882,0.0459,400,7,"{""iqr"": {""fator"": 1.5}, ""isolation_forest"": {""contamination"": 0.05, ""limite_aprovacao"": 1000.0, ""random_state"": 42}, ""zscore"": {""limiar"": 3.0}}"
uniao,zscore+contextual+isolation_forest,zscore+contextual+isolation_forest,209,83,3,4705,0.7158,0.9858,0.8294,0.0173,292,7,"{""contextual"": {""frequencia_minima"": 0.01}, ""isolation_forest"": {""contamination"": 0.05, ""limite_aprovacao"": 1000.0, ""random_state"": 42}, ""zscore"": {""limiar"": 3.0}}"
uniao,iqr+contextual+isolation_forest,iqr+contextual+isolation_forest,210,220,2,4568,0.4884,0.9906,0.6542,0.0459,430,7,"{""contextual"": {""frequencia_minima"": 0.01}, ""iqr"": {""fator"": 1.5}, ""isolation_forest"": {""contamination"": 0.05, ""limite_aprovacao"": 1000.0, ""random_state"": 42}}"
uniao,zscore+iqr+contextual+isolation_forest,zscore+iqr+contextual+isolation_forest,210,220,2,4568,0.4884,0.9906,0.6542,0.0459,430,7,"{""contextual"": {""frequencia_minima"": 0.01}, ""iqr"": {""fator"": 1.5}, ""isolation_forest"": {""contamination"": 0.05, ""limite_aprovacao"": 1000.0, ""random_state"": 42}, ""zscore"": {""limiar"": 3.0}}"
votacao,>=2 de zscore+iqr+contextual+isolation_forest,zscore+iqr+contextual+isolation_forest,81,21,131,4767,0.7941,0.3821,0.5159,0.0044,102,7,"{""contextual"": {""frequencia_minima"": 0.01}, ""iqr"": {""fator"": 1.5}, ""isolation_forest"": {""contamination"": 0.05, ""limite_aprovacao"": 1000.0, ""random_state"": 42}, ""zscore"": {""limiar"": 3.0}}"
